timestamp,robot_x,robot_y,distance_to_target,hood_angle_degrees,flywheel_rpm,grid_row,grid_col,alliance
2026-04-11T16:08:19.681Z,12.892,5.243,1.544,24.79,4700,11,25,Blue
2026-04-11T16:08:19.678Z,12.929,5.037,1.441,24.79,4700,10,25,Blue
2026-04-11T16:08:20.191Z,12.500,4.570,12.981,24.78,4700,9,25,Blue
2026-04-11T16:08:19.588Z,13.016,4.215,1.230,24.79,4700,9,26,Blue
2026-03-20T03:36:28.768Z,13.037,4.430,1.337,24.79,4700,8,26,Blue
2026-03-20T03:36:28.768Z,13.016,3.855,1.230,24.79,4700,7,26,Blue
2026-03-20T03:36:28.768Z,13.057,3.312,1.418,24.80,4700,6,26,Blue
2026-03-20T03:36:28.768Z,13.011,2.954,1.577,24.80,4700,5,26,Blue
2026-03-20T03:36:28.768Z,13.034,2.431,1.958,24.80,4700,4,26,Blue
2026-03-20T03:36:28.768Z,13.145,1.650,2.641,24.80,4700,3,26,Blue
2026-04-11T16:08:19.597Z,13.011,5.116,1.577,24.80,4700,11,26,Blue
2026-04-11T16:08:19.593Z,13.057,4.758,1.418,24.80,4700,10,26,Blue
2026-04-11T16:08:19.683Z,12.736,5.796,1.858,24.79,4700,12,25,Blue
2026-04-11T16:08:19.601Z,13.034,5.639,1.958,24.80,4700,12,26,Blue
2026-04-11T16:08:19.669Z,13.550,5.897,2.452,24.81,4700,12,27,Blue
2026-04-11T16:08:19.662Z,14.067,5.954,2.866,24.82,4700,12,28,Blue
2026-04-11T16:08:19.645Z,14.584,5.793,3.235,24.83,4700,12,29,Blue
2026-04-11T16:08:19.638Z,15.014,5.714,3.590,24.84,4700,12,30,Blue
2026-04-11T16:08:19.622Z,15.500,6.070,15.628,24.84,4700,12,31,Blue
2026-04-11T16:08:19.671Z,13.591,5.376,2.157,24.81,4700,11,27,Blue
2026-04-11T16:08:19.659Z,14.107,5.412,2.629,24.82,4700,11,28,Blue
2026-04-11T16:08:19.648Z,14.550,5.321,2.986,24.83,4700,11,29,Blue
2026-04-11T16:08:19.636Z,15.035,5.097,3.376,24.83,4700,11,30,Blue
2026-04-11T16:08:19.624Z,15.500,5.570,15.700,24.84,4700,11,31,Blue
2026-04-11T16:08:19.612Z,16.032,5.196,4.367,24.85,4700,11,32,Blue
2026-04-11T16:08:19.615Z,16.048,5.622,4.489,24.85,4700,12,32,Blue
2026-04-11T16:08:19.609Z,16.052,4.650,4.278,24.85,4700,10,32,Blue
2026-04-11T16:08:19.607Z,16.036,4.171,4.249,24.85,4700,9,32,Blue
2026-03-20T03:36:28.768Z,16.033,4.369,4.269,24.85,4700,8,32,Blue
2026-03-20T03:36:28.768Z,16.036,3.899,4.249,24.85,4700,7,32,Blue
2026-03-20T03:36:28.768Z,16.052,3.420,4.278,24.85,4700,6,32,Blue
2026-03-20T03:36:28.768Z,16.032,2.874,4.367,24.85,4700,5,32,Blue
2026-03-20T03:36:28.768Z,16.048,2.448,4.489,24.85,4700,4,32,Blue
2026-03-20T03:36:28.768Z,15.679,1.890,4.392,24.85,4700,3,31,Blue
2026-03-20T03:36:28.768Z,16.064,1.854,4.737,24.85,4700,3,32,Blue
2026-03-20T03:36:28.768Z,15.500,2.000,15.628,24.84,4700,4,31,Blue
2026-03-20T03:36:28.768Z,15.500,2.500,15.700,24.84,4700,5,31,Blue
2026-03-20T03:36:28.768Z,15.622,3.390,3.884,24.84,4700,6,31,Blue
2026-03-20T03:36:28.768Z,15.576,3.612,3.812,24.84,4700,7,31,Blue
2026-03-20T03:36:28.768Z,15.561,4.218,3.795,24.84,4700,8,31,Blue
2026-04-11T16:08:19.629Z,15.576,4.458,3.812,24.84,4700,9,31,Blue
2026-04-11T16:08:19.627Z,15.622,4.680,3.884,24.84,4700,10,31,Blue
2026-04-11T16:08:19.633Z,15.107,4.582,3.335,24.83,4700,10,30,Blue
2026-04-11T16:08:19.631Z,15.106,4.184,3.311,24.83,4700,9,30,Blue
2026-03-20T03:36:28.768Z,15.107,4.353,3.339,24.83,4700,8,30,Blue
2026-03-20T03:36:28.768Z,15.106,3.886,3.311,24.83,4700,7,30,Blue
2026-03-20T03:36:28.768Z,15.107,3.488,3.335,24.83,4700,6,30,Blue
2026-03-20T03:36:28.768Z,15.035,2.973,3.376,24.83,4700,5,30,Blue
2026-03-20T03:36:28.768Z,15.014,2.356,3.590,24.84,4700,4,30,Blue
2026-03-20T03:36:28.768Z,15.019,1.777,3.871,24.84,4700,3,30,Blue
2026-03-20T03:36:28.768Z,14.650,1.885,3.493,24.83,4700,3,29,Blue
2026-03-20T03:36:28.768Z,14.584,2.277,3.235,24.83,4700,4,29,Blue
2026-03-20T03:36:28.768Z,14.550,2.749,2.986,24.83,4700,5,29,Blue
2026-03-20T03:36:28.768Z,14.766,3.344,3.044,24.83,4700,6,29,Blue
2026-03-20T03:36:28.768Z,14.678,3.897,2.886,24.83,4700,7,29,Blue
2026-03-20T03:36:28.768Z,14.640,4.494,2.912,24.83,4700,8,29,Blue
2026-04-11T16:08:19.652Z,14.678,4.173,2.886,24.83,4700,9,29,Blue
2026-04-11T16:08:19.650Z,14.766,4.726,3.044,24.83,4700,10,29,Blue
2026-04-11T16:08:19.656Z,14.178,4.970,2.528,24.82,4700,10,28,Blue
2026-04-11T16:08:19.654Z,14.307,4.230,2.511,24.82,4700,9,28,Blue
2026-03-20T03:36:28.768Z,14.367,4.385,2.609,24.82,4700,8,28,Blue
2026-03-20T03:36:28.768Z,14.307,3.840,2.511,24.82,4700,7,28,Blue
2026-03-20T03:36:28.768Z,14.178,3.100,2.528,24.82,4700,6,28,Blue
2026-03-20T03:36:28.768Z,14.107,2.658,2.629,24.82,4700,5,28,Blue
2026-03-20T03:36:28.768Z,14.067,2.116,2.866,24.82,4700,4,28,Blue
2026-03-20T03:36:28.768Z,14.014,1.782,3.069,24.82,4700,3,28,Blue
2026-03-20T03:36:28.768Z,13.640,1.846,2.766,24.81,4700,3,27,Blue
2026-03-20T03:36:28.768Z,13.550,2.173,2.452,24.81,4700,4,27,Blue
2026-03-20T03:36:28.768Z,13.591,2.694,2.157,24.81,4700,5,27,Blue
2026-03-20T03:36:28.768Z,13.605,3.102,1.989,24.81,4700,6,27,Blue
2026-03-20T03:36:28.768Z,13.592,3.604,1.841,24.81,4700,7,27,Blue
2026-03-20T03:36:28.768Z,13.725,4.062,1.930,24.81,4700,8,27,Blue
2026-04-11T16:08:19.676Z,13.592,4.466,1.841,24.81,4700,9,27,Blue
2026-04-11T16:08:19.673Z,13.605,4.968,1.989,24.81,4700,10,27,Blue
2026-03-20T03:36:28.768Z,12.929,3.033,1.441,24.79,4700,6,25,Blue
2026-03-20T03:36:28.768Z,12.892,2.827,1.544,24.79,4700,5,25,Blue
2026-03-20T03:36:28.768Z,12.736,2.274,1.858,24.79,4700,4,25,Blue
2026-03-20T03:36:28.768Z,12.720,1.810,2.266,24.79,4700,3,25,Blue
2026-03-20T03:33:54.789Z,9.500,3.000,9.962,24.65,4226,6,19,Blue
2026-03-18T22:56:40.276Z,9.761,2.571,8.143,24.68,4224,5,19,Blue
2026-03-20T03:33:54.789Z,9.500,2.000,9.708,24.67,4224,4,19,Blue
2026-04-11T13:48:03.264Z,3.000,1.000,3.162,16.00,2800,2,6,Blue
2026-04-11T13:47:09.579Z,3.000,0.500,3.041,16.00,2900,1,6,Blue
2026-04-11T13:47:14.490Z,3.500,0.500,3.536,16.00,2800,1,7,Blue
2026-04-11T13:47:02.910Z,2.500,0.500,2.550,16.00,3100,1,5,Blue
2026-04-11T13:46:56.995Z,2.000,0.500,2.062,16.00,3100,1,4,Blue
2026-04-11T13:46:51.831Z,1.500,0.500,1.581,18.00,3200,1,3,Blue
2026-04-11T13:46:12.028Z,1.000,0.500,1.118,18.00,3300,1,2,Blue
2026-04-11T13:46:41.757Z,0.500,0.500,0.707,18.00,3350,1,1,Blue
2026-04-11T13:46:32.600Z,0.000,0.500,0.500,18.00,3350,1,0,Blue
2026-04-08T18:50:23.144Z,0.000,0.000,0.000,18.00,3500,0,0,Blue
2026-04-08T18:12:27.720Z,0.689,0.339,5.569,18.00,3400,0,1,Blue
2026-04-08T18:12:43.734Z,1.023,0.387,5.296,18.00,3400,0,2,Blue
2026-04-11T13:47:43.517Z,1.500,0.000,1.500,18.00,3350,0,3,Blue
2026-04-11T13:47:36.123Z,2.000,0.000,2.000,17.00,3300,0,4,Blue
2026-04-11T13:47:31.599Z,2.500,0.000,2.500,17.00,3200,0,5,Blue
2026-04-11T13:47:27.001Z,3.000,0.000,3.000,17.00,3100,0,6,Blue
2026-04-11T13:47:21.829Z,3.500,0.000,3.500,17.00,3100,0,7,Blue
2026-04-08T18:16:15.531Z,4.196,0.425,3.773,17.00,3000,0,8,Blue
2026-04-08T18:16:57.327Z,4.182,0.822,3.382,17.00,2850,1,8,Blue
2026-04-08T18:00:32.306Z,3.180,1.593,3.005,12.00,2650,3,6,Blue
2026-04-08T18:00:47.377Z,2.554,1.618,3.353,12.00,2850,3,5,Blue
2026-04-08T18:01:28.890Z,2.096,1.661,3.634,15.00,2950,3,4,Blue
2026-04-08T18:01:54.797Z,1.660,1.641,3.973,18.00,3100,3,3,Blue
2026-04-08T18:02:36.523Z,1.222,1.681,4.294,18.00,3050,3,2,Blue
2026-04-08T18:03:15.215Z,0.747,1.637,4.720,18.00,3200,3,1,Blue
2026-04-11T13:46:19.094Z,0.500,1.000,1.118,18.00,3350,2,1,Blue
2026-04-11T13:45:39.121Z,1.000,1.000,1.414,18.00,3300,2,2,Blue
2026-04-11T13:45:32.132Z,1.500,1.000,1.803,18.00,3200,2,3,Blue
2026-04-11T13:45:24.689Z,2.000,1.000,2.236,16.00,3000,2,4,Blue
2026-04-11T13:44:55.524Z,2.500,1.000,2.693,16.00,2900,2,5,Blue
2026-04-08T17:39:24.898Z,1.000,3.000,3.162,18.00,2700,6,2,Blue
2026-04-08T17:39:24.898Z,0.663,3.042,4.237,18.00,2700,6,1,Blue
2026-04-08T17:54:57.225Z,0.740,2.207,4.452,18.00,3100,4,1,Blue
2026-04-08T17:54:03.330Z,0.975,2.700,4.034,18.00,3000,5,1,Blue
2026-03-20T03:36:28.768Z,12.500,0.500,12.510,24.80,4700,1,25,Blue
2026-03-20T03:36:28.768Z,12.500,0.000,12.500,24.80,4700,0,25,Blue
2026-03-20T03:36:28.768Z,13.000,0.500,13.010,24.81,4700,1,26,Blue
2026-03-20T03:36:28.768Z,13.000,0.000,13.000,24.81,4700,0,26,Blue
2026-03-20T03:36:28.768Z,13.500,0.500,13.509,24.82,4700,1,27,Blue
2026-03-20T03:36:28.768Z,13.500,0.000,13.500,24.82,4700,0,27,Blue
2026-03-20T03:36:28.768Z,14.000,0.000,14.000,24.83,4700,0,28,Blue
2026-03-20T03:36:28.768Z,14.500,0.000,14.500,24.84,4700,0,29,Blue
2026-03-20T03:36:28.768Z,15.000,0.000,15.000,24.84,4700,0,30,Blue
2026-03-20T03:36:28.768Z,16.500,0.000,16.500,24.86,4700,0,33,Blue
2026-03-20T03:36:28.768Z,16.000,0.000,16.000,24.86,4700,0,32,Blue
2026-03-20T03:36:28.768Z,15.500,0.000,15.500,24.85,4700,0,31,Blue
2026-03-20T03:36:28.768Z,14.000,0.500,14.009,24.83,4700,1,28,Blue
2026-03-20T03:36:28.768Z,14.500,0.500,14.509,24.83,4700,1,29,Blue
2026-03-20T03:36:28.768Z,15.000,0.500,15.008,24.84,4700,1,30,Blue
2026-03-20T03:36:28.768Z,15.500,0.500,15.508,24.85,4700,1,31,Blue
2026-03-20T03:36:28.768Z,16.000,0.500,16.008,24.85,4700,1,32,Blue
2026-03-20T03:36:28.768Z,16.500,0.500,16.508,24.86,4700,1,33,Blue
2026-03-20T03:36:28.768Z,13.500,1.000,13.537,24.82,4700,2,27,Blue
2026-03-20T03:36:28.768Z,14.000,1.000,14.036,24.82,4700,2,28,Blue
2026-03-20T03:36:28.768Z,14.500,1.000,14.534,24.83,4700,2,29,Blue
2026-03-20T03:36:28.768Z,15.000,1.000,15.033,24.84,4700,2,30,Blue
2026-03-20T03:36:28.768Z,15.500,1.000,15.532,24.85,4700,2,31,Blue
2026-03-20T03:36:28.768Z,16.000,1.000,16.031,24.85,4700,2,32,Blue
2026-03-20T03:36:28.768Z,13.000,1.000,13.038,24.81,4700,2,26,Blue
2026-03-20T03:36:28.768Z,12.500,1.000,12.540,24.79,4700,2,25,Blue
2026-03-20T03:28:46.092Z,5.500,2.500,6.042,24.03,2848,5,11,Blue
2026-03-18T22:45:50.741Z,6.421,2.939,4.816,24.19,2942,5,12,Blue
2026-03-18T22:46:31.102Z,7.053,2.873,5.450,24.36,3337,5,14,Blue
2026-03-18T22:46:54.612Z,6.632,2.903,5.042,24.26,3242,5,13,Blue
2026-03-18T22:47:31.948Z,7.920,2.796,6.297,24.51,3429,5,15,Blue
2026-03-18T22:54:21.379Z,8.165,2.578,6.537,24.55,3528,5,16,Blue
2026-03-18T22:54:59.638Z,8.629,2.632,7.035,24.59,3727,5,17,Blue
2026-03-18T22:55:20.728Z,9.170,2.603,7.553,24.64,3975,5,18,Blue
2026-04-08T17:39:56.274Z,3.524,3.855,1.230,0.00,2350,7,7,Blue
2026-04-11T16:08:19.862Z,3.524,4.215,1.230,0.00,2350,9,7,Blue
2026-04-08T17:36:07.743Z,3.512,3.372,1.461,0.00,2350,6,7,Blue
2026-04-11T16:08:19.865Z,3.512,4.698,1.461,0.00,2350,10,7,Blue
2026-04-11T16:08:14.991Z,3.500,2.500,4.301,7.00,2450,5,7,Blue
2026-04-11T16:08:19.867Z,3.500,5.570,4.301,7.00,2450,11,7,Blue
2026-04-08T17:59:40.788Z,3.577,2.111,2.362,7.00,2550,4,7,Blue
2026-04-11T16:08:19.870Z,3.577,5.959,2.362,7.00,2550,12,7,Blue
2026-04-08T18:00:25.200Z,3.520,1.593,2.844,12.00,2650,3,7,Blue
2026-04-11T16:08:19.872Z,3.520,6.477,2.844,12.00,2650,13,7,Blue
2026-04-11T16:08:19.603Z,13.145,6.420,2.641,24.80,4700,13,26,Blue
2026-04-08T17:39:24.898Z,0.504,3.899,4.249,18.00,2700,7,1,Blue
2026-04-11T16:08:19.875Z,0.504,4.171,4.249,18.00,2700,9,1,Blue
2026-04-11T16:08:19.773Z,0.663,5.028,4.237,18.00,2700,10,1,Blue
2026-04-11T16:08:19.777Z,0.975,5.370,4.034,18.00,3000,11,1,Blue
2026-04-11T16:08:19.775Z,0.740,5.863,4.452,18.00,3100,12,1,Blue
2026-04-11T16:08:19.754Z,1.222,6.389,4.294,18.00,3050,13,2,Blue
2026-04-11T16:08:19.617Z,15.679,6.180,4.392,24.85,4700,13,31,Blue
2026-04-11T16:08:19.757Z,0.747,6.433,4.720,18.00,3200,13,1,Blue
2026-04-11T16:08:19.619Z,16.064,6.216,4.737,24.85,4700,13,32,Blue
2026-04-08T17:55:20.444Z,1.161,2.137,4.110,18.00,3000,4,2,Blue
2026-04-11T16:08:19.877Z,1.161,5.933,4.110,18.00,3000,12,2,Blue
2026-04-08T17:53:28.953Z,1.429,2.784,3.581,18.00,2800,5,2,Blue
2026-04-11T16:08:19.881Z,1.429,5.286,3.581,18.00,2800,11,2,Blue
2026-04-11T16:08:19.771Z,1.000,5.070,3.162,18.00,2700,10,2,Blue
2026-04-12T17:28:40.242Z,1.000,3.500,3.640,18.00,2750,7,2,Blue
2026-04-11T16:08:19.884Z,0.964,4.458,3.812,18.00,2700,9,2,Blue
2026-04-12T17:28:29.062Z,1.500,3.500,3.808,17.50,2750,7,3,Blue
2026-04-11T16:08:19.886Z,1.891,4.490,2.908,17.50,2700,9,3,Blue
2026-04-08T17:38:22.292Z,1.901,3.433,2.941,18.00,2700,6,3,Blue
2026-04-11T16:08:19.888Z,1.901,4.637,2.941,18.00,2700,10,3,Blue
2026-04-08T17:52:57.088Z,1.860,2.958,3.118,18.00,2700,5,3,Blue
2026-04-11T16:08:19.891Z,1.860,5.112,3.118,18.00,2700,11,3,Blue
2026-04-08T17:55:38.103Z,1.734,2.105,3.639,18.00,2900,4,3,Blue
2026-04-11T16:08:19.893Z,1.734,5.965,3.639,18.00,2900,12,3,Blue
2026-04-11T16:08:19.751Z,1.660,6.429,3.973,18.00,3100,13,3,Blue
2026-04-11T16:08:19.640Z,15.019,6.293,3.871,24.84,4700,13,30,Blue
2026-04-11T16:08:19.749Z,2.096,6.409,3.634,15.00,2950,13,4,Blue
2026-04-11T16:08:19.643Z,14.650,6.185,3.493,24.83,4700,13,29,Blue
2026-04-08T17:58:03.262Z,2.416,2.075,3.119,15.00,2800,4,4,Blue
2026-04-11T16:08:19.895Z,2.416,5.995,3.119,15.00,2800,12,4,Blue
2026-04-11T16:07:59.089Z,2.000,2.500,3.202,15.00,2650,5,4,Blue
2026-04-11T16:08:19.897Z,2.000,5.570,3.202,15.00,2650,11,4,Blue
2026-04-08T17:37:57.983Z,2.328,3.469,2.515,15.00,2500,6,4,Blue
2026-04-11T16:08:19.899Z,2.328,4.601,2.515,15.00,2500,10,4,Blue
2026-04-12T17:28:02.887Z,2.000,3.500,4.031,15.00,2650,7,4,Blue
2026-04-11T16:08:19.901Z,2.000,4.570,4.031,15.00,2550,9,4,Blue
2026-04-12T17:28:16.724Z,2.500,3.500,4.301,10.50,2600,7,5,Blue
2026-04-11T16:08:19.903Z,2.888,4.496,1.947,10.50,2500,9,5,Blue
2026-04-08T17:36:45.726Z,2.915,3.399,1.985,11.00,2500,6,5,Blue
2026-04-11T16:08:19.905Z,2.915,4.671,1.985,11.00,2500,10,5,Blue
2026-04-11T16:07:50.883Z,2.500,2.500,3.536,11.00,2650,5,5,Blue
2026-04-11T16:08:19.907Z,2.500,5.570,3.536,11.00,2650,11,5,Blue
2026-04-08T17:58:40.714Z,2.913,2.004,2.826,11.00,2650,4,5,Blue
2026-04-11T16:08:19.910Z,2.913,6.066,2.826,11.00,2650,12,5,Blue
2026-04-11T16:08:19.747Z,2.554,6.452,3.353,12.00,2850,13,5,Blue
2026-04-11T16:08:19.664Z,14.014,6.288,3.069,24.82,4700,13,28,Blue
2026-04-11T16:08:19.744Z,3.180,6.477,3.005,12.00,2650,13,6,Blue
2026-04-11T16:08:19.667Z,13.640,6.224,2.766,24.81,4700,13,27,Blue
2026-04-08T17:59:01.745Z,3.238,2.046,2.595,11.00,2550,4,6,Blue
2026-04-11T16:08:19.913Z,3.238,6.024,2.595,11.00,2550,12,6,Blue
2026-04-11T16:08:08.319Z,3.000,2.500,3.905,11.00,2550,5,6,Blue
2026-04-11T16:08:19.915Z,3.000,5.570,3.905,11.00,2550,11,6,Blue
2026-04-08T17:36:16.293Z,3.362,3.382,1.586,0.00,2350,6,6,Blue
2026-04-11T16:08:19.918Z,3.362,4.688,1.586,0.00,2350,10,6,Blue
2026-04-08T16:49:57.856Z,3.419,3.645,1.416,0.00,2350,7,6,Blue
2026-04-11T16:08:19.920Z,3.419,4.425,1.416,0.00,2350,9,6,Blue
2026-03-18T22:58:00.307Z,3.611,3.033,1.441,8.44,2392,6,8,Blue
2026-04-11T16:08:19.922Z,3.611,5.037,1.441,8.44,2392,10,8,Blue
2026-03-18T22:58:00.308Z,3.648,2.827,1.544,8.48,2440,5,8,Blue
2026-04-11T16:08:19.924Z,3.648,5.243,1.544,8.48,2440,11,8,Blue
2026-03-18T22:58:00.310Z,3.804,2.274,1.858,8.59,2432,4,8,Blue
2026-04-11T16:08:19.926Z,3.804,5.796,1.858,8.59,2432,12,8,Blue
2026-03-18T22:58:00.312Z,3.820,1.810,2.266,8.66,2527,3,8,Blue
2026-04-11T16:08:19.928Z,3.820,6.260,2.266,8.66,2527,13,8,Blue
2026-04-11T16:08:19.685Z,12.720,6.260,2.266,24.79,4700,13,25,Blue
2026-03-20T03:32:32.247Z,7.000,3.000,7.616,24.34,3339,6,14,Blue
2026-04-11T16:08:19.930Z,7.000,5.070,7.616,24.34,3339,10,14,Blue
2026-04-11T16:08:19.688Z,9.500,5.070,9.962,24.65,4226,10,19,Blue
2026-04-11T16:08:19.847Z,7.053,5.197,5.450,24.36,3337,11,14,Blue
2026-04-11T16:08:19.690Z,9.761,5.499,8.143,24.68,4224,11,19,Blue
2026-03-20T03:32:32.247Z,7.000,2.000,7.280,24.45,3332,4,14,Blue
2026-04-11T16:08:19.933Z,7.000,6.070,7.280,24.45,3332,12,14,Blue
2026-04-11T16:08:19.693Z,9.500,6.070,9.708,24.67,4224,12,19,Blue
2026-04-11T16:08:19.742Z,4.182,7.248,3.382,17.00,2850,15,8,Blue
2026-04-11T16:08:19.780Z,12.500,7.570,12.510,24.80,4700,15,25,Blue
2026-04-11T16:08:19.740Z,4.196,7.645,3.773,17.00,3000,16,8,Blue
2026-04-11T16:08:19.782Z,12.500,8.070,12.500,24.80,4700,16,25,Blue
2026-04-11T16:08:19.701Z,3.500,7.570,3.536,16.00,2800,15,7,Blue
2026-04-11T16:08:19.784Z,13.000,7.570,13.010,24.81,4700,15,26,Blue
2026-04-11T16:08:19.738Z,3.500,8.070,3.500,17.00,3100,16,7,Blue
2026-04-11T16:08:19.786Z,13.000,8.070,13.000,24.81,4700,16,26,Blue
2026-04-11T16:08:19.698Z,3.000,7.570,3.041,16.00,2900,15,6,Blue
2026-04-11T16:08:19.789Z,13.500,7.570,13.509,24.82,4700,15,27,Blue
2026-04-11T16:08:19.735Z,3.000,8.070,3.000,17.00,3100,16,6,Blue
2026-04-11T16:08:19.791Z,13.500,8.070,13.500,24.82,4700,16,27,Blue
2026-04-11T16:08:19.733Z,2.500,8.070,2.500,17.00,3200,16,5,Blue
2026-04-11T16:08:19.793Z,14.000,8.070,14.000,24.83,4700,16,28,Blue
2026-04-11T16:08:19.731Z,2.000,8.070,2.000,17.00,3300,16,4,Blue
2026-04-11T16:08:19.796Z,14.500,8.070,14.500,24.84,4700,16,29,Blue
2026-04-11T16:08:19.728Z,1.500,8.070,1.500,18.00,3350,16,3,Blue
2026-04-11T16:08:19.798Z,15.000,8.070,15.000,24.84,4700,16,30,Blue
2026-04-11T16:08:19.720Z,0.000,8.070,0.000,18.00,3500,16,0,Blue
2026-04-11T16:08:19.800Z,16.500,8.070,16.500,24.86,4700,16,33,Blue
2026-04-11T16:08:19.723Z,0.689,7.731,5.569,18.00,3400,16,1,Blue
2026-04-11T16:08:19.803Z,16.000,8.070,16.000,24.86,4700,16,32,Blue
2026-04-11T16:08:19.726Z,1.023,7.683,5.296,18.00,3400,16,2,Blue
2026-04-11T16:08:19.805Z,15.500,8.070,15.500,24.85,4700,16,31,Blue
2026-04-11T16:08:19.703Z,2.500,7.570,2.550,16.00,3100,15,5,Blue
2026-04-11T16:08:19.807Z,14.000,7.570,14.009,24.83,4700,15,28,Blue
2026-04-11T16:08:19.706Z,2.000,7.570,2.062,16.00,3100,15,4,Blue
2026-04-11T16:08:19.809Z,14.500,7.570,14.509,24.83,4700,15,29,Blue
2026-04-11T16:08:19.709Z,1.500,7.570,1.581,18.00,3200,15,3,Blue
2026-04-11T16:08:19.812Z,15.000,7.570,15.008,24.84,4700,15,30,Blue
2026-04-11T16:08:19.711Z,1.000,7.570,1.118,18.00,3300,15,2,Blue
2026-04-11T16:08:19.815Z,15.500,7.570,15.508,24.85,4700,15,31,Blue
2026-04-11T16:08:19.714Z,0.500,7.570,0.707,18.00,3350,15,1,Blue
2026-04-11T16:08:19.817Z,16.000,7.570,16.008,24.85,4700,15,32,Blue
2026-04-11T16:08:19.717Z,0.000,7.570,0.500,18.00,3350,15,0,Blue
2026-04-11T16:08:19.819Z,16.500,7.570,16.508,24.86,4700,15,33,Blue
2026-04-11T16:08:19.696Z,3.000,7.070,3.162,16.00,2800,14,6,Blue
2026-04-11T16:08:19.821Z,13.500,7.070,13.537,24.82,4700,14,27,Blue
2026-04-11T16:08:19.768Z,2.500,7.070,2.693,16.00,2900,14,5,Blue
2026-04-11T16:08:19.824Z,14.000,7.070,14.036,24.82,4700,14,28,Blue
2026-04-11T16:08:19.766Z,2.000,7.070,2.236,16.00,3000,14,4,Blue
2026-04-11T16:08:19.826Z,14.500,7.070,14.534,24.83,4700,14,29,Blue
2026-04-11T16:08:19.763Z,1.500,7.070,1.803,18.00,3200,14,3,Blue
2026-04-11T16:08:19.829Z,15.000,7.070,15.033,24.84,4700,14,30,Blue
2026-04-11T16:08:19.761Z,1.000,7.070,1.414,18.00,3300,14,2,Blue
2026-04-11T16:08:19.831Z,15.500,7.070,15.532,24.85,4700,14,31,Blue
2026-04-11T16:08:19.759Z,0.500,7.070,1.118,18.00,3350,14,1,Blue
2026-04-11T16:08:19.834Z,16.000,7.070,16.031,24.85,4700,14,32,Blue
2026-04-08T18:08:28.947Z,3.512,1.388,3.026,16.00,2700,2,7,Blue
2026-04-11T16:08:19.935Z,3.512,6.682,3.026,16.00,2700,14,7,Blue
2026-04-11T16:08:19.836Z,13.000,7.070,13.038,24.81,4700,14,26,Blue
2026-03-18T22:58:00.374Z,4.040,1.000,12.540,16.60,2877,2,8,Blue
2026-04-11T16:08:19.937Z,4.040,7.070,12.540,16.60,2877,14,8,Blue
2026-04-11T16:08:19.839Z,12.500,7.070,12.540,24.79,4700,14,25,Blue
2026-04-11T16:08:19.855Z,8.165,5.492,6.537,24.55,3528,11,16,Blue
2026-04-11T16:08:19.857Z,8.629,5.438,7.035,24.59,3727,11,17,Blue
2026-04-11T16:08:19.852Z,7.920,5.274,6.297,24.51,3429,11,15,Blue
2026-04-11T16:08:19.860Z,9.170,5.467,7.553,24.64,3975,11,18,Blue
2026-04-08T17:39:24.899Z,0.500,4.000,4.031,18.00,2700,8,1,Blue
2026-04-12T17:28:45.561Z,1.000,4.000,4.123,18.00,2750,8,2,Blue
2026-04-12T17:28:23.552Z,1.500,4.000,4.272,17.50,2750,8,3,Blue
2026-04-12T17:27:56.659Z,2.000,4.000,4.472,15.00,2650,8,4,Blue
2026-04-12T17:28:10.054Z,2.500,4.000,4.717,11.00,2600,8,5,Blue
2026-04-08T17:34:37.613Z,3.195,4.082,1.565,0.00,2350,8,6,Blue
2026-04-08T17:39:56.274Z,3.500,4.000,5.315,0.00,2350,8,7,Blue
2026-04-11T16:08:19.950Z,0.000,7.070,1.000,17.27,3350,14,0,Blue
2026-04-11T16:08:19.948Z,0.000,6.570,1.500,17.26,3218,13,0,Blue
2026-04-11T16:08:19.946Z,0.000,6.070,2.000,19.22,3169,12,0,Blue
2026-04-11T16:08:19.944Z,0.000,5.570,2.500,18.00,2700,11,0,Blue
2026-04-11T16:08:19.941Z,0.000,5.070,3.000,18.00,2700,10,0,Blue
2026-04-11T16:08:19.939Z,0.000,4.570,3.500,18.00,2700,9,0,Blue
2026-04-08T17:39:24.899Z,0.000,4.000,4.000,18.00,2700,8,0,Blue
2026-04-08T17:39:24.899Z,0.000,3.500,3.500,18.00,2700,7,0,Blue
2026-04-08T17:39:24.899Z,0.000,3.000,3.000,18.00,2700,6,0,Blue
2026-04-08T17:54:17.804Z,0.000,2.500,2.500,18.00,2700,5,0,Blue
2026-03-20T03:27:19.162Z,0.000,2.000,2.000,19.22,3169,4,0,Blue
2026-03-20T03:27:28.637Z,0.000,1.500,1.500,17.26,3218,3,0,Blue
2026-04-11T13:46:26.057Z,0.000,1.000,1.000,17.27,3350,2,0,Blue
2026-03-20T03:31:20.549Z,5.500,0.000,5.500,24.58,2821,0,11,Blue
2026-03-20T03:31:20.549Z,5.500,0.500,5.523,24.53,2823,1,11,Blue
2026-03-20T03:31:20.549Z,5.500,1.000,5.590,24.46,2827,2,11,Blue
2026-03-20T03:31:20.549Z,5.500,1.500,5.701,24.36,2832,3,11,Blue
2026-03-20T03:31:20.549Z,5.500,2.000,5.852,24.23,2839,4,11,Blue
2026-03-20T03:31:20.549Z,5.500,3.000,6.265,23.75,2863,6,11,Blue
2026-03-20T03:31:20.549Z,5.500,3.500,6.519,23.36,2884,7,11,Blue
2026-03-20T03:31:20.549Z,5.500,4.000,6.801,23.08,2899,8,11,Blue
2026-04-11T16:08:19.967Z,5.500,4.570,6.519,23.36,2884,9,11,Blue
2026-04-11T16:08:19.965Z,5.500,5.070,6.265,23.75,2863,10,11,Blue
2026-04-11T16:08:19.841Z,5.500,5.570,6.042,24.03,2848,11,11,Blue
2026-04-11T16:08:19.961Z,5.500,6.070,5.852,24.23,2839,12,11,Blue
2026-04-11T16:08:19.959Z,5.500,6.570,5.701,24.36,2832,13,11,Blue
2026-04-11T16:08:19.956Z,5.500,7.070,5.590,24.46,2827,14,11,Blue
2026-04-11T16:08:19.954Z,5.500,7.570,5.523,24.53,2823,15,11,Blue
2026-04-11T16:08:19.952Z,5.500,8.070,5.500,24.58,2821,16,11,Blue
2026-03-20T03:31:44.582Z,6.000,2.000,6.325,24.30,2936,4,12,Blue
2026-03-20T03:31:44.582Z,6.000,1.500,6.185,24.40,2931,3,12,Blue
2026-03-20T03:31:44.582Z,6.000,1.000,6.083,24.48,2927,2,12,Blue
2026-03-20T03:31:44.582Z,6.000,0.500,6.021,24.55,2923,1,12,Blue
2026-03-20T03:31:44.582Z,6.000,0.000,6.000,24.60,2921,0,12,Blue
2026-03-20T03:31:44.582Z,6.000,3.000,6.708,24.01,2951,6,12,Blue
2026-03-20T03:31:44.582Z,6.000,3.500,6.946,23.85,2960,7,12,Blue
2026-03-20T03:31:44.582Z,6.000,4.000,7.211,23.76,2965,8,12,Blue
2026-04-11T16:08:19.986Z,6.000,4.570,6.946,23.85,2960,9,12,Blue
2026-04-11T16:08:19.983Z,6.000,5.070,6.708,24.01,2951,10,12,Blue
2026-04-11T16:08:19.844Z,6.421,5.131,4.816,24.19,2942,11,12,Blue
2026-04-11T16:08:19.969Z,6.000,6.070,6.325,24.30,2936,12,12,Blue
2026-04-11T16:08:19.973Z,6.000,6.570,6.185,24.40,2931,13,12,Blue
2026-04-11T16:08:19.975Z,6.000,7.070,6.083,24.48,2927,14,12,Blue
2026-04-11T16:08:19.978Z,6.000,7.570,6.021,24.55,2923,15,12,Blue
2026-04-11T16:08:19.980Z,6.000,8.070,6.000,24.60,2921,16,12,Blue
2026-03-20T03:32:17.671Z,6.500,2.000,6.801,24.38,3235,4,13,Blue
2026-03-20T03:32:17.671Z,6.500,1.500,6.671,24.45,3231,3,13,Blue
2026-03-20T03:32:17.671Z,6.500,1.000,6.576,24.52,3227,2,13,Blue
2026-03-20T03:32:17.671Z,6.500,0.500,6.519,24.57,3224,1,13,Blue
2026-03-20T03:32:17.671Z,6.500,0.000,6.500,24.61,3222,0,13,Blue
2026-03-20T03:32:17.671Z,6.500,3.000,7.159,24.20,3246,6,13,Blue
2026-03-20T03:32:17.671Z,6.500,3.500,7.382,24.12,3250,7,13,Blue
2026-03-20T03:32:17.671Z,6.500,4.000,7.632,24.09,3252,8,13,Blue
2026-04-11T16:08:20.006Z,6.500,4.570,7.382,24.12,3250,9,13,Blue
2026-04-11T16:08:20.003Z,6.500,5.070,7.159,24.20,3246,10,13,Blue
2026-04-11T16:08:19.850Z,6.632,5.167,5.042,24.26,3242,11,13,Blue
2026-04-11T16:08:19.988Z,6.500,6.070,6.801,24.38,3235,12,13,Blue
2026-04-11T16:08:19.991Z,6.500,6.570,6.671,24.45,3231,13,13,Blue
2026-04-11T16:08:19.993Z,6.500,7.070,6.576,24.52,3227,14,13,Blue
2026-04-11T16:08:19.996Z,6.500,7.570,6.519,24.57,3224,15,13,Blue
2026-04-11T16:08:20.000Z,6.500,8.070,6.500,24.61,3222,16,13,Blue
2026-03-20T03:32:32.247Z,7.000,1.500,7.159,24.50,3329,3,14,Blue
2026-03-20T03:32:32.247Z,7.000,1.000,7.071,24.55,3326,2,14,Blue
2026-03-20T03:32:32.247Z,7.000,0.500,7.018,24.59,3324,1,14,Blue
2026-03-20T03:32:32.247Z,7.000,0.000,7.000,24.63,3321,0,14,Blue
2026-03-20T03:32:32.247Z,7.000,3.500,7.826,24.29,3341,7,14,Blue
2026-03-20T03:32:32.247Z,7.000,4.000,8.062,24.28,3342,8,14,Blue
2026-04-11T16:08:20.019Z,7.000,4.570,7.826,24.29,3341,9,14,Blue
2026-04-11T16:08:20.009Z,7.000,6.570,7.159,24.50,3329,13,14,Blue
2026-04-11T16:08:20.012Z,7.000,7.070,7.071,24.55,3326,14,14,Blue
2026-04-11T16:08:20.015Z,7.000,7.570,7.018,24.59,3324,15,14,Blue
2026-04-11T16:08:20.017Z,7.000,8.070,7.000,24.63,3321,16,14,Blue
2026-03-20T03:32:48.587Z,7.500,2.000,7.762,24.51,3429,4,15,Blue
2026-03-20T03:32:48.587Z,7.500,1.500,7.649,24.55,3427,3,15,Blue
2026-03-20T03:32:48.587Z,7.500,1.000,7.566,24.59,3425,2,15,Blue
2026-03-20T03:32:48.587Z,7.500,0.500,7.517,24.62,3423,1,15,Blue
2026-03-20T03:32:48.587Z,7.500,0.000,7.500,24.65,3421,0,15,Blue
2026-03-20T03:32:48.587Z,7.500,3.000,8.078,24.44,3434,6,15,Blue
2026-03-20T03:32:48.587Z,7.500,3.500,8.276,24.41,3435,7,15,Blue
2026-03-20T03:32:48.587Z,7.500,4.000,8.500,24.40,3436,8,15,Blue
2026-04-11T16:08:20.037Z,7.500,4.570,8.276,24.41,3435,9,15,Blue
2026-04-11T16:08:20.035Z,7.500,5.070,8.078,24.44,3434,10,15,Blue
2026-04-11T16:08:20.022Z,7.500,6.070,7.762,24.51,3429,12,15,Blue
2026-04-11T16:08:20.025Z,7.500,6.570,7.649,24.55,3427,13,15,Blue
2026-04-11T16:08:20.028Z,7.500,7.070,7.566,24.59,3425,14,15,Blue
2026-04-11T16:08:20.030Z,7.500,7.570,7.517,24.62,3423,15,15,Blue
2026-04-11T16:08:20.033Z,7.500,8.070,7.500,24.65,3421,16,15,Blue
2026-03-20T03:33:04.673Z,8.000,2.000,8.246,24.56,3527,4,16,Blue
2026-03-20T03:33:04.674Z,8.000,1.500,8.139,24.59,3525,3,16,Blue
2026-03-20T03:33:04.674Z,8.000,1.000,8.062,24.62,3523,2,16,Blue
2026-03-20T03:33:04.674Z,8.000,0.500,8.016,24.65,3522,1,16,Blue
2026-03-20T03:33:04.674Z,8.000,0.000,8.000,24.67,3520,0,16,Blue
2026-03-20T03:33:04.674Z,8.000,3.000,8.544,24.51,3530,6,16,Blue
2026-03-20T03:33:04.674Z,8.000,3.500,8.732,24.50,3531,7,16,Blue
2026-03-20T03:33:04.674Z,8.000,4.000,8.944,24.49,3532,8,16,Blue
2026-04-11T16:08:20.053Z,8.000,4.570,8.732,24.50,3531,9,16,Blue
2026-04-11T16:08:20.051Z,8.000,5.070,8.544,24.51,3530,10,16,Blue
2026-04-11T16:08:20.040Z,8.000,6.070,8.246,24.56,3527,12,16,Blue
2026-04-11T16:08:20.042Z,8.000,6.570,8.139,24.59,3525,13,16,Blue
2026-04-11T16:08:20.044Z,8.000,7.070,8.062,24.62,3523,14,16,Blue
2026-04-11T16:08:20.046Z,8.000,7.570,8.016,24.65,3522,15,16,Blue
2026-04-11T16:08:20.049Z,8.000,8.070,8.000,24.67,3520,16,16,Blue
2026-03-20T03:33:19.375Z,8.500,2.000,8.732,24.61,3726,4,17,Blue
2026-03-20T03:33:19.375Z,8.500,1.500,8.631,24.63,3724,3,17,Blue
2026-03-20T03:33:19.375Z,8.500,1.000,8.559,24.65,3723,2,17,Blue
2026-03-20T03:33:19.375Z,8.500,0.500,8.515,24.67,3721,1,17,Blue
2026-03-20T03:33:19.375Z,8.500,0.000,8.500,24.69,3720,0,17,Blue
2026-03-20T03:33:19.375Z,8.500,3.000,9.014,24.57,3728,6,17,Blue
2026-03-20T03:33:19.375Z,8.500,3.500,9.192,24.56,3729,7,17,Blue
2026-03-20T03:33:19.375Z,8.500,4.000,9.394,24.55,3729,8,17,Blue
2026-04-11T16:08:20.070Z,8.500,4.570,9.192,24.56,3729,9,17,Blue
2026-04-11T16:08:20.067Z,8.500,5.070,9.014,24.57,3728,10,17,Blue
2026-04-11T16:08:20.055Z,8.500,6.070,8.732,24.61,3726,12,17,Blue
2026-04-11T16:08:20.057Z,8.500,6.570,8.631,24.63,3724,13,17,Blue
2026-04-11T16:08:20.060Z,8.500,7.070,8.559,24.65,3723,14,17,Blue
2026-04-11T16:08:20.063Z,8.500,7.570,8.515,24.67,3721,15,17,Blue
2026-04-11T16:08:20.065Z,8.500,8.070,8.500,24.69,3720,16,17,Blue
2026-03-20T03:33:38.380Z,9.000,2.000,9.220,24.64,3975,4,18,Blue
2026-03-20T03:33:38.380Z,9.000,1.500,9.124,24.66,3974,3,18,Blue
2026-03-20T03:33:38.380Z,9.000,1.000,9.055,24.68,3973,2,18,Blue
2026-03-20T03:33:38.380Z,9.000,0.500,9.014,24.69,3971,1,18,Blue
2026-03-20T03:33:38.380Z,9.000,0.000,9.000,24.71,3970,0,18,Blue
2026-03-20T03:33:38.380Z,9.000,3.000,9.487,24.62,3977,6,18,Blue
2026-03-20T03:33:38.380Z,9.000,3.500,9.657,24.61,3977,7,18,Blue
2026-03-20T03:33:38.380Z,9.000,4.000,9.849,24.61,3977,8,18,Blue
2026-04-11T16:08:20.086Z,9.000,4.570,9.657,24.61,3977,9,18,Blue
2026-04-11T16:08:20.084Z,9.000,5.070,9.487,24.62,3977,10,18,Blue
2026-04-11T16:08:20.072Z,9.000,6.070,9.220,24.64,3975,12,18,Blue
2026-04-11T16:08:20.074Z,9.000,6.570,9.124,24.66,3974,13,18,Blue
2026-04-11T16:08:20.076Z,9.000,7.070,9.055,24.68,3973,14,18,Blue
2026-04-11T16:08:20.080Z,9.000,7.570,9.014,24.69,3971,15,18,Blue
2026-04-11T16:08:20.082Z,9.000,8.070,9.000,24.71,3970,16,18,Blue
2026-03-20T03:33:54.789Z,9.500,1.500,9.618,24.69,4223,3,19,Blue
2026-03-20T03:33:54.789Z,9.500,1.000,9.552,24.70,4222,2,19,Blue
2026-03-20T03:33:54.789Z,9.500,0.500,9.513,24.71,4221,1,19,Blue
2026-03-20T03:33:54.789Z,9.500,0.000,9.500,24.73,4220,0,19,Blue
2026-03-20T03:33:54.789Z,9.500,3.500,10.124,24.65,4226,7,19,Blue
2026-03-20T03:33:54.789Z,9.500,4.000,10.308,24.65,4226,8,19,Blue
2026-04-11T16:08:20.097Z,9.500,4.570,10.124,24.65,4226,9,19,Blue
2026-04-11T16:08:20.089Z,9.500,6.570,9.618,24.69,4223,13,19,Blue
2026-04-11T16:08:20.091Z,9.500,7.070,9.552,24.70,4222,14,19,Blue
2026-04-11T16:08:20.093Z,9.500,7.570,9.513,24.71,4221,15,19,Blue
2026-04-11T16:08:20.095Z,9.500,8.070,9.500,24.73,4220,16,19,Blue
2026-03-20T03:34:10.774Z,10.000,0.000,10.000,24.74,4319,0,20,Blue
2026-03-20T03:34:10.774Z,10.000,0.500,10.012,24.73,4320,1,20,Blue
2026-03-20T03:34:10.774Z,10.000,1.000,10.050,24.72,4321,2,20,Blue
2026-03-20T03:34:10.774Z,10.000,1.500,10.112,24.71,4322,3,20,Blue
2026-03-20T03:34:10.774Z,10.000,2.000,10.198,24.70,4323,4,20,Blue
2026-03-20T03:34:10.774Z,10.000,2.500,10.308,24.69,4323,5,20,Blue
2026-03-20T03:34:10.774Z,10.000,3.000,10.440,24.68,4324,6,20,Blue
2026-03-20T03:34:10.774Z,10.000,3.500,10.595,24.68,4324,7,20,Blue
2026-03-20T03:34:10.774Z,10.000,4.000,10.770,24.68,4324,8,20,Blue
2026-04-11T16:08:20.115Z,10.000,4.570,10.595,24.68,4324,9,20,Blue
2026-04-11T16:08:20.113Z,10.000,5.070,10.440,24.68,4324,10,20,Blue
2026-04-11T16:08:20.111Z,10.000,5.570,10.308,24.69,4323,11,20,Blue
2026-04-11T16:08:20.109Z,10.000,6.070,10.198,24.70,4323,12,20,Blue
2026-04-11T16:08:20.106Z,10.000,6.570,10.112,24.71,4322,13,20,Blue
2026-04-11T16:08:20.104Z,10.000,7.070,10.050,24.72,4321,14,20,Blue
2026-04-11T16:08:20.102Z,10.000,7.570,10.012,24.73,4320,15,20,Blue
2026-04-11T16:08:20.100Z,10.000,8.070,10.000,24.74,4319,16,20,Blue
2026-03-20T03:34:22.671Z,10.500,0.000,10.500,24.76,4419,0,21,Blue
2026-03-20T03:34:22.671Z,10.500,0.500,10.512,24.75,4420,1,21,Blue
2026-03-20T03:34:22.671Z,10.500,1.000,10.548,24.74,4420,2,21,Blue
2026-03-20T03:34:22.671Z,10.500,1.500,10.607,24.73,4421,3,21,Blue
2026-03-20T03:34:22.671Z,10.500,2.500,10.794,24.72,4422,5,21,Blue
2026-03-20T03:34:22.671Z,10.500,2.000,10.689,24.72,4422,4,21,Blue
2026-03-20T03:34:22.671Z,10.500,3.000,10.920,24.71,4422,6,21,Blue
2026-03-20T03:34:22.671Z,10.500,3.500,11.068,24.71,4423,7,21,Blue
2026-03-20T03:34:22.671Z,10.500,4.000,11.236,24.71,4423,8,21,Blue
2026-04-11T16:08:20.133Z,10.500,4.570,11.068,24.71,4423,9,21,Blue
2026-04-11T16:08:20.131Z,10.500,5.070,10.920,24.71,4422,10,21,Blue
2026-04-11T16:08:20.126Z,10.500,5.570,10.794,24.72,4422,11,21,Blue
2026-04-11T16:08:20.129Z,10.500,6.070,10.689,24.72,4422,12,21,Blue
2026-04-11T16:08:20.124Z,10.500,6.570,10.607,24.73,4421,13,21,Blue
2026-04-11T16:08:20.122Z,10.500,7.070,10.548,24.74,4420,14,21,Blue
2026-04-11T16:08:20.119Z,10.500,7.570,10.512,24.75,4420,15,21,Blue
2026-04-11T16:08:20.117Z,10.500,8.070,10.500,24.76,4419,16,21,Blue
2026-03-20T03:34:50.809Z,11.000,0.000,11.000,24.77,4518,0,22,Blue
2026-03-20T03:34:50.809Z,11.000,1.000,11.045,24.75,4519,2,22,Blue
2026-03-20T03:34:50.809Z,11.000,0.500,11.011,24.76,4519,1,22,Blue
2026-03-20T03:34:50.809Z,11.000,1.500,11.102,24.75,4520,3,22,Blue
2026-03-20T03:34:50.809Z,11.000,2.000,11.180,24.74,4520,4,22,Blue
2026-03-20T03:34:50.809Z,11.000,2.500,11.281,24.74,4521,5,22,Blue
2026-03-20T03:34:50.809Z,11.000,3.000,11.402,24.73,4521,6,22,Blue
2026-03-20T03:34:50.809Z,11.000,3.500,11.543,24.73,4521,7,22,Blue
2026-03-20T03:34:50.809Z,11.000,4.000,11.705,24.73,4521,8,22,Blue
2026-04-11T16:08:20.152Z,11.000,4.570,11.543,24.73,4521,9,22,Blue
2026-04-11T16:08:20.150Z,11.000,5.070,11.402,24.73,4521,10,22,Blue
2026-04-11T16:08:20.148Z,11.000,5.570,11.281,24.74,4521,11,22,Blue
2026-04-11T16:08:20.145Z,11.000,6.070,11.180,24.74,4520,12,22,Blue
2026-04-11T16:08:20.142Z,11.000,6.570,11.102,24.75,4520,13,22,Blue
2026-04-11T16:08:20.138Z,11.000,7.070,11.045,24.75,4519,14,22,Blue
2026-04-11T16:08:20.140Z,11.000,7.570,11.011,24.76,4519,15,22,Blue
2026-04-11T16:08:20.135Z,11.000,8.070,11.000,24.77,4518,16,22,Blue
2026-04-11T16:08:20.170Z,11.500,8.070,11.500,24.78,4517,16,23,Blue
2026-04-11T16:08:20.168Z,11.500,7.570,11.511,24.78,4518,15,23,Blue
2026-04-11T16:08:20.166Z,11.500,7.070,11.543,24.77,4518,14,23,Blue
2026-04-11T16:08:20.164Z,11.500,6.570,11.597,24.76,4519,13,23,Blue
2026-04-11T16:08:20.161Z,11.500,6.070,11.673,24.76,4519,12,23,Blue
2026-04-11T16:08:20.159Z,11.500,5.570,11.769,24.75,4519,11,23,Blue
2026-04-11T16:08:20.156Z,11.500,5.070,11.885,24.75,4520,10,23,Blue
2026-04-11T16:08:20.154Z,11.500,4.570,12.021,24.75,4520,9,23,Blue
2026-03-20T03:34:50.809Z,11.500,3.500,12.021,24.75,4520,7,23,Blue
2026-03-20T03:34:50.809Z,11.500,4.000,12.176,24.75,4520,8,23,Blue
2026-03-20T03:34:50.809Z,11.500,3.000,11.885,24.75,4520,6,23,Blue
2026-03-20T03:34:50.809Z,11.500,2.500,11.769,24.75,4519,5,23,Blue
2026-03-20T03:34:50.809Z,11.500,2.000,11.673,24.76,4519,4,23,Blue
2026-03-20T03:34:50.809Z,11.500,1.500,11.597,24.76,4519,3,23,Blue
2026-03-20T03:34:50.809Z,11.500,1.000,11.543,24.77,4518,2,23,Blue
2026-03-20T03:34:50.809Z,11.500,0.500,11.511,24.78,4518,1,23,Blue
2026-03-20T03:34:50.809Z,11.500,0.000,11.500,24.78,4517,0,23,Blue
2026-03-20T03:36:28.768Z,12.000,0.000,12.000,24.79,4700,0,24,Blue
2026-03-20T03:36:28.768Z,12.000,0.500,12.010,24.79,4700,1,24,Blue
2026-03-20T03:36:28.768Z,12.000,1.000,12.042,24.78,4700,2,24,Blue
2026-03-20T03:36:28.768Z,12.000,1.500,12.093,24.78,4700,3,24,Blue
2026-03-20T03:36:28.768Z,12.000,2.000,12.166,24.77,4700,4,24,Blue
2026-03-20T03:36:28.768Z,12.000,2.500,12.258,24.77,4700,5,24,Blue
2026-03-20T03:36:28.768Z,12.000,3.000,12.369,24.77,4700,6,24,Blue
2026-03-20T03:36:28.768Z,12.000,3.500,12.500,24.77,4700,7,24,Blue
2026-03-20T03:36:28.769Z,12.000,4.000,12.649,24.77,4700,8,24,Blue
2026-04-11T16:08:20.188Z,12.000,4.570,12.500,24.77,4700,9,24,Blue
2026-04-11T16:08:20.186Z,12.000,5.070,12.369,24.77,4700,10,24,Blue
2026-04-11T16:08:20.184Z,12.000,5.570,12.258,24.77,4700,11,24,Blue
2026-04-11T16:08:20.182Z,12.000,6.070,12.166,24.77,4700,12,24,Blue
2026-04-11T16:08:20.179Z,12.000,6.570,12.093,24.78,4700,13,24,Blue
2026-04-11T16:08:20.177Z,12.000,7.070,12.042,24.78,4700,14,24,Blue
2026-04-11T16:08:20.174Z,12.000,7.570,12.010,24.79,4700,15,24,Blue
2026-04-11T16:08:20.172Z,12.000,8.070,12.000,24.79,4700,16,24,Blue
2026-03-20T03:36:28.769Z,12.500,3.500,12.981,24.78,4700,7,25,Blue
2026-03-20T03:36:28.769Z,12.500,4.000,13.124,24.78,4700,8,25,Blue
2026-03-20T03:36:28.769Z,16.500,1.000,16.530,24.86,4700,2,33,Blue
2026-03-20T03:36:28.769Z,16.500,1.500,16.568,24.86,4700,3,33,Blue
2026-03-20T03:36:28.769Z,16.500,2.000,16.621,24.86,4700,4,33,Blue
2026-03-20T03:36:28.769Z,16.500,2.500,16.688,24.86,4700,5,33,Blue
2026-03-20T03:36:28.769Z,16.500,3.000,16.771,24.85,4700,6,33,Blue
2026-03-20T03:36:28.769Z,16.500,3.500,16.867,24.85,4700,7,33,Blue
2026-03-20T03:36:28.769Z,16.500,4.000,16.978,24.85,4700,8,33,Blue
2026-04-11T16:08:20.207Z,16.500,4.570,16.867,24.85,4700,9,33,Blue
2026-04-11T16:08:20.204Z,16.500,5.070,16.771,24.85,4700,10,33,Blue
2026-04-11T16:08:20.201Z,16.500,5.570,16.688,24.86,4700,11,33,Blue
2026-04-11T16:08:20.199Z,16.500,6.070,16.621,24.86,4700,12,33,Blue
2026-04-11T16:08:20.197Z,16.500,6.570,16.568,24.86,4700,13,33,Blue
2026-04-11T16:08:20.194Z,16.500,7.070,16.530,24.86,4700,14,33,Blue
2026-03-20T03:36:53.605Z,5.000,0.000,5.000,24.57,2720,0,10,Blue
2026-03-20T03:36:53.605Z,5.000,0.500,5.025,24.52,2723,1,10,Blue
2026-03-20T03:36:53.605Z,5.000,1.000,5.099,24.44,2727,2,10,Blue
2026-03-20T03:36:53.605Z,5.000,1.500,5.220,24.33,2732,3,10,Blue
2026-03-20T03:36:53.605Z,5.000,2.000,5.385,24.17,2740,4,10,Blue
2026-03-20T03:36:53.605Z,5.000,2.500,5.590,23.92,2752,5,10,Blue
2026-03-20T03:36:53.605Z,5.000,3.000,5.831,23.47,2775,6,10,Blue
2026-03-20T03:36:53.605Z,5.000,3.500,6.103,22.47,2827,7,10,Blue
2026-03-20T03:36:53.605Z,5.000,4.000,6.403,20.74,2925,8,10,Blue
2026-04-11T16:08:20.228Z,5.000,4.570,6.103,22.47,2827,9,10,Blue
2026-04-11T16:08:20.225Z,5.000,5.070,5.831,23.47,2775,10,10,Blue
2026-04-11T16:08:20.223Z,5.000,5.570,5.590,23.92,2752,11,10,Blue
2026-04-11T16:08:20.221Z,5.000,6.070,5.385,24.17,2740,12,10,Blue
2026-04-11T16:08:20.218Z,5.000,6.570,5.220,24.33,2732,13,10,Blue
2026-04-11T16:08:20.216Z,5.000,7.070,5.099,24.44,2727,14,10,Blue
2026-04-11T16:08:20.213Z,5.000,7.570,5.025,24.52,2723,15,10,Blue
2026-04-11T16:08:20.210Z,5.000,8.070,5.000,24.57,2720,16,10,Blue
2026-04-08T18:17:53.903Z,4.547,0.427,3.734,16.00,2850,0,9,Blue
2026-04-08T18:17:37.325Z,4.540,0.824,3.340,16.00,2850,1,9,Blue
2026-03-20T03:37:10.478Z,4.500,1.000,4.610,24.43,2626,2,9,Blue
2026-03-20T03:37:10.478Z,4.500,1.500,4.743,24.32,2631,3,9,Blue
2026-03-20T03:37:10.478Z,4.500,2.000,4.924,24.16,2639,4,9,Blue
2026-03-20T03:37:10.478Z,4.500,2.500,5.148,23.90,2652,5,9,Blue
2026-03-20T03:37:10.478Z,4.500,3.000,5.408,23.39,2676,6,9,Blue
2026-03-20T03:37:10.478Z,4.500,3.500,5.701,22.03,2746,7,9,Blue
2026-03-20T03:37:10.478Z,4.500,4.000,6.021,25.00,2600,8,9,Blue
2026-04-11T16:08:20.247Z,4.500,4.570,5.701,22.03,2746,9,9,Blue
2026-04-11T16:08:20.244Z,4.500,5.070,5.408,23.39,2676,10,9,Blue
2026-04-11T16:08:20.242Z,4.500,5.570,5.148,23.90,2652,11,9,Blue
2026-04-11T16:08:20.239Z,4.500,6.070,4.924,24.16,2639,12,9,Blue
2026-04-11T16:08:20.237Z,4.500,6.570,4.743,24.32,2631,13,9,Blue
2026-04-11T16:08:20.235Z,4.500,7.070,4.610,24.43,2626,14,9,Blue
2026-04-11T16:08:20.232Z,4.540,7.246,3.340,16.00,2850,15,9,Blue
2026-04-11T16:08:20.230Z,4.547,7.643,3.734,16.00,2850,16,9,Blue
2026-03-20T03:37:21.239Z,4.000,3.500,5.315,6.16,2420,7,8,Blue
2026-03-20T03:37:30.019Z,4.000,4.000,5.657,7.75,2447,8,8,Blue
2026-04-11T16:08:20.249Z,4.000,4.570,5.315,6.16,2420,9,8,Blue